{
  "version": "v2",
  "fitted_at": 1779880423.5238297,
  "feature_names": [
    "length_structure",
    "anti_template",
    "t6_promotion",
    "self_witnessing",
    "unprompted"
  ],
  "weights": [
    2.5452227666241223,
    -1.5769506179952641,
    0.0,
    1.1571233956131408,
    4.715061429115058
  ],
  "bias": -2.319644857504,
  "threshold": 0.5,
  "training_size": 103,
  "training_striking": 67,
  "training_ordinary": 36,
  "training_accuracy": 0.970873786407767,
  "confusion": {
    "tp": 67,
    "fp": 3,
    "fn": 0,
    "tn": 33
  },
  "threshold_history": [
    {
      "from": 0.29,
      "to": 0.5,
      "at": 1780151236.4190283,
      "note": "manual via genius_set_threshold.py"
    }
  ]
}