{
  "version": "v2",
  "fitted_at": 1779880240.9583886,
  "feature_names": [
    "length_structure",
    "anti_template",
    "t6_promotion",
    "self_witnessing",
    "unprompted"
  ],
  "weights": [
    2.834244290229814,
    -1.1895416086784556,
    0.0,
    0.4459813676312038,
    3.4356879052754214
  ],
  "bias": -1.8199546750354727,
  "threshold": 0.35,
  "training_size": 103,
  "training_striking": 67,
  "training_ordinary": 36,
  "training_accuracy": 0.912621359223301,
  "confusion": {
    "tp": 64,
    "fp": 6,
    "fn": 3,
    "tn": 30
  }
}